,method,c,p,no_finished,no_delayed,avg_delay_time,avg_waiting_time,avg_service_time,delivery_rate,delay_finished_ratio,total_travel_time,time_per_item,items_per_tour
0,FCFS,,,569,330,14.720149276033503,25.576876834048274,18.847543724279806,47.575250836120404,57.99648506151143,598.9404991799823,0.5883501956581358,29.085714285714285
1,static_weighting,0.25,,756,22,,14.910834355870936,14.579216867469867,63.21070234113713,2.91005291005291,598.7487554693023,0.4505257753719355,30.204545454545453
2,percentage_flexible_weighting,0.25,0.33,782,1,,16.56269905289965,14.570200849748932,65.38461538461539,0.1278772378516624,598.7487554693023,0.43993295772909796,30.244444444444444
