,method,c,p,no_finished,no_delayed,avg_delay_time,avg_waiting_time,avg_service_time,delivery_rate,delay_finished_ratio,total_travel_time,time_per_item,items_per_tour
0,FCFS,,,563,74,9.299587261494258,14.597871353179201,18.86765432098763,65.61771561771562,13.143872113676732,596.7729905678148,0.5839266052522649,29.2
1,static_weighting,0.25,,671,0,,7.625516310029195,15.767320261437847,78.2051282051282,0.0,574.5900889095565,0.49152274500389775,29.974358974358974
2,percentage_flexible_weighting,0.25,0.33,663,0,,7.519681066816431,16.255263741134765,77.27272727272727,0.0,579.5651966490564,0.5070561650472935,30.07894736842105
