,method,c,p,no_finished,no_delayed,avg_delay_time,avg_waiting_time,avg_service_time,delivery_rate,delay_finished_ratio,total_travel_time,time_per_item,items_per_tour
0,FCFS,,,575,132,9.259804212270021,19.135851421436563,18.880795510004802,67.33021077283372,22.956521739130434,598.8146805201712,0.5982164640561152,28.6
1,static_weighting,0.25,,716,0,,7.187657083984771,15.609214842148418,83.8407494145199,0.0,598.8146805201712,0.4981819305492273,29.317073170731707
2,percentage_flexible_weighting,0.25,0.33,701,0,,7.607513181427705,15.717053049289834,82.08430913348947,0.0,598.8146805201712,0.509629515336316,29.375
